RegionName,SizeRank,2010-01,2010-02,2010-03,2010-04,2010-05,2010-06,2010-07,2010-08,2010-09,2010-10,2010-11,2010-12,2011-01,2011-02,2011-03,2011-04,2011-05,2011-06,2011-07,2011-08,2011-09,2011-10,2011-11,2011-12,2012-01,2012-02,2012-03,2012-04,2012-05,2012-06,2012-07,2012-08,2012-09,2012-10,2012-11,2012-12,2013-01,2013-02,2013-03,2013-04,2013-05,2013-06,2013-07,2013-08,2013-09,2013-10,2013-11,2013-12,2014-01,2014-02,2014-03,2014-04,2014-05,2014-06,2014-07,2014-08,2014-09,2014-10,2014-11,2014-12,2015-01,2015-02,2015-03,2015-04,2015-05,2015-06,2015-07,2015-08,2015-09,2015-10,2015-11,2015-12,2016-01,2016-02,2016-03,2016-04,2016-05,2016-06,2016-07,2016-08,2016-09,2016-10,2016-11,2016-12,2017-01,2017-02,2017-03,2017-04,2017-05,2017-06,2017-07,2017-08,2017-09,2017-10,2017-11,2017-12,2018-01,2018-02,2018-03,2018-04,2018-05,2018-06,2018-07,2018-08,2018-09,2018-10
United States,0,117.5869121,117.535545,117.7438741,117.7707258,117.5084635,116.6914578,115.6219865,114.3092105,113.6014737,112.5874126,111.6838488,109.3799018,107.9243776,107.1715818,108.4407972,108.3107498,109.6936443,109.8418278,109.6886923,109.4285714,109.2384519,108.5619938,107.4820789,106.5656566,105.9850374,106.2271062,107.409663,107.8528286,108.2897685,108.3772701,108.3545918,107.9136691,107.9887218,107.6371205,107.0247934,106.4705882,106.4299424,107.7586207,109.5927577,111.7339312,113.3436373,114.2330383,114.1904762,114.2142857,114.6486308,114.2095153,114.1904762,113.0537975,113.0010277,114.4278607,116.3819876,118.75,120.412844,120.9415584,121.120108,120.9521952,120.8291203,120.5751906,120.1001431,119.0362595,119.5652174,120.2856616,121.8944099,124.2844913,126.8783069,127.3445212,126.8591426,126.551538,126.6608392,126.9120759,126.6438175,125.7309942,125.5940258,127.5510204,129.9882629,132.5757576,133.9222615,134.5341615,134.4765343,134.0704907,134.5853365,134.6018735,133.8789683,132.807309,132.5724638,134.2511753,136.4210526,138.8888889,140.892737,141.6309013,141.2726211,140.7135562,141.1530815,141.276252,140.738423,139.650655,140.0943396,142.1923879,144.4444444,147.3108389,148.8919668,149.8571429,150,149.7273719,150.5829441,150.9077156
"New York, NY",1,236.4948972,235.1478495,238.6666667,238.1634203,242.217008,242.2727273,239.3390192,236.143914,238.0208333,236.9336497,236.0681115,233.8807786,232.173913,227.6785714,231.6964286,229.4320138,229.0964116,227.2727273,225.2208047,224.0740741,223,221.72949,220.0092635,220,219.1489362,219.9074074,220.5304519,223.3893557,224.137931,222.3895271,220.6496471,218.5703666,219.6969697,219.5945946,217.3330481,215.8713323,217.5324675,219.4692737,222.3785402,223.3039437,223.540146,221.9680588,221.2994467,219.4049244,220.3516648,221.1538462,226.2343405,224.6282065,226.8557169,229.5890411,232.2303922,235.1819277,238.3846154,242.3226292,239.4791667,238.3928571,238.2300959,238.4215091,238.3333333,239.8899435,241.7197452,240.5172414,240.7407407,242.5885888,239.7590361,242.1052632,245,243.8888889,243.3333333,243.8709677,243.6031876,242.1652422,249.6690734,249.9954167,246.4065708,252.3240372,250.8857532,250.5574143,249.0396927,246.9050894,248.6503301,249.6875,251.2116197,249.8214286,253.332,256.2162773,257.5396825,258.3148559,263.2922161,263.8206054,263.9480217,260.4698672,264.4017725,267.1370968,270,271.4266032,272.6528384,265.5559596,259.0439626,263.7172837,269.2307692,269.6790045,270.0273788,268.9215152,271.9338122,273.0769231
"Los Angeles-Long Beach-Anaheim, CA",2,280.4487179,276.7613394,279.5,280.1052825,279.5863566,278.0681288,275.5715862,275.8562046,271.0843373,267.0501233,265.7422161,260,257.0188393,256.8890965,256.5947242,255.3894081,256.043956,256.2336629,255.1020408,253.4310345,250.1608782,247.6555509,243.9015679,240.4255319,239.6166134,240.1474981,242.2033673,244.3703704,247.9253112,252.3553163,255.3187943,256.8397543,257.7479339,258.2815735,260.6425948,262.8709873,268.949596,276.1331445,288.5624344,299.678713,308.8033012,316.5439005,320.9096425,322.8637413,324.6750541,323.9875389,323.9807102,322.443892,322.7950998,326.1606724,328.1185594,333.8762215,338.1893861,340.9090909,342.3190952,341.7190776,342.8006329,341.7580941,342.6366938,338.2000641,336.9032626,342.1904169,346.6293797,352.3270636,358.2630691,360.3038073,362.0669896,364.0078131,364.7660819,365.754052,364.2039542,365.2968037,367.5171737,372.5716019,376.733191,380.2641739,382.7646544,386.5546218,387.5570776,387.232525,387.755102,388.2833787,388.3051622,387.2727273,390.3995911,392.304641,399.0374733,403.6235585,406.6530889,406.5787243,407.2681704,407.6669415,408.1689527,409.7435897,411.0893759,410.738871,413.4453782,419.1082803,420.8261618,424.4294214,427.5380894,430.8072488,430.1970074,429.2581842,429.8439008,430.7333869
"Chicago, IL",3,152.1025403,151.8602885,152.56722,152.0912548,150.4901961,149.9545455,147.1275105,145.8554684,141.3517442,141.3881748,139.3500469,135.0694444,132.2246015,130.7025882,131.3017306,131.5789474,132.0100819,131.19984,130,128.2587712,126.7572405,124.3778281,121.4285714,118.6863502,118.0909091,118.5770751,119.0472222,119.7439075,120.1566825,120.3102442,117.5736961,116.4021164,115.6724268,114.7413458,113.9757264,111.9221784,111.5163953,113.6358902,116.4100638,119.490386,122.8683182,124.6070461,123.9583333,123.7676056,124.2047714,123.0512821,121.5043641,119.6036801,118.6598813,121.9538971,126.459734,129.7755909,133.3746898,135.8153171,135.0502513,134.3971554,133.3086511,132.4477361,130.9491032,128.7128713,127.5510204,130.2083333,134.7724392,137.2159091,141.908976,143.2398754,142.6788496,141.7829457,140.6395349,139.9088542,138.5586704,136.209744,135.8192705,139.5131086,143.2803399,146.6864567,148.7570351,151.1572981,150.0130446,148.4530489,148.0263158,147.9454694,147.1518987,144.8717949,144.8733974,148.5465116,152.2218661,154.9317038,156.1686047,157.0694087,156.4795813,155.2104208,155.0204082,154.4545455,153.2272771,151.3420193,151.5348837,156.1760793,161.3937765,165.3014171,165.880581,166.4446295,166.2337662,165.7608696,165.9,165.2849082
"Dallas-Fort Worth, TX",4,83.94773682,84.24124514,85.03401361,85.50578762,85.72095222,85.37349125,85.04489989,84.40512216,83.92857143,83.79127318,83.49328215,82.33606557,81.58268275,81.629667,81.85067259,82.13304185,82.87556723,82.74353601,82.65725306,82.38404497,81.97678636,82.41067923,82.15497428,81.71052632,81.70940171,82.75139665,83.11170213,84.06883189,85.29326656,85.70809235,84.98711838,84.57708779,84.23478527,84.62521295,85.29116466,85.71151179,85.64002471,86.93843106,89.42268574,90.6865792,91.63707172,92.17391304,92.3355184,92.47787611,92.47378162,92.82306488,92.99666667,93.39355231,94.29637527,95.66185319,97.00679167,98.17084918,99.59547969,97.99420966,98.50787316,100.7169225,100.7987828,101.5529285,102.3891626,104.3542379,106.1160241,106.6024759,109.9611902,110.6010017,109.6241458,109.8412398,109.8933075,110.0601668,110.6003514,111.8566871,112.3655914,113.9766082,114.7322913,114.9425287,117.3859073,118.8150607,119.9028061,120.5805928,120.8399199,121.4026838,122.1276455,124.0143492,123.6769759,124.280086,125.5021521,126.6967354,128.2051282,129.6712159,130.256513,130.6071002,130.2728401,130.3122172,131.0043668,131.3516896,131.3843078,132.0287309,133.3010179,134.775687,136.1439313,137.2298494,137.8454731,137.7086495,137.3626374,136.6898955,137.1501384,137.2058824
"Philadelphia, PA",5,143.3642203,144.2105447,145.8333333,145.251938,145.0170648,144.2307692,143.1423611,141.8169914,141.0899063,139.5116279,138.5709885,136.2538941,135,134.9557522,135.8053699,135.7827476,136.2269641,135.5625847,134.3058467,133.347228,131.734774,130.5848489,129.3487957,127.8346121,127.4671053,127.9478346,129.58165,129.65625,129.338444,129.1666667,128.125,126.9332759,126.2946429,125.6313131,124.6882793,123.7037037,123.0551627,124.6105919,127.0012706,128.3469466,130.6521245,131.2089972,129.359673,127.5251502,127.7047998,127.2849904,126.9575859,126.3853827,124.3556979,124.8019017,128.6261631,131.4912281,132.6259947,132.4267782,130.930135,130.0854763,130.2083333,129.4642857,128.7570735,126.7326733,125.342624,126.7852761,129.8165138,133.0275229,134.5459077,134.335536,132.6923077,131.2382739,130.7975098,130.5689808,129.8701299,127.4872449,126.5300741,127.6185492,130.4909692,133.7148997,134.8039216,134.8039216,133.7889825,132.4314704,132.4798465,132.0906463,130.7807927,127.9292887,127.8688525,129.5138889,132.4212812,135.566912,137.4651745,137.7837838,137.1841155,135.483871,136.1985472,137.3405299,136.381399,134.1636852,133.2820513,135.6158484,137.4713522,140.8952312,142.481101,144.7793326,144.6391325,143.6057559,143.1993044,143.4347826
"Houston, TX",6,81.02070374,81.65225744,81.91178243,81.94306481,81.81420765,81.65990534,80.53498869,80.07343124,80.73449709,80.14270711,80.20415603,79.4823627,79.06050525,79.00063251,79.30458263,79.06295939,79.48289905,79.54952077,79.09115491,78.89696865,77.73109244,78.47785877,77.97805643,78.3068233,78.60962567,78.74160049,79.52257974,80.47831364,80.94308966,81.11937655,80.6862322,80.8801214,81.22915674,81.09408165,81.48659851,82.52086811,82.96695966,85.13779528,86.30924014,87.12988182,88.16029144,89.21146389,89.61595924,89.87161198,90.84449843,92.46811224,91.93669725,92.54100898,93.52531448,95.49388242,96.7589679,98.86056931,99.47316754,99.92451474,100.3904797,101.660441,103.0292634,104.0011066,105.2239925,107.6004304,109.6783889,110.501155,111.4285714,113.1737379,111.7736171,110.2915952,112.4439308,113.1117267,113.3731343,114.3298868,114.2828571,115.819209,115.859985,113.7105653,114.7794311,114.8541018,114.9773312,114.9730384,114.6788991,114.4657392,114.2477406,114.7186147,114.2697882,114.5534233,115.2591917,116.0459524,116.3760337,116.9105553,117.0183509,116.9516781,116.4044311,116.3583196,116.9744807,116.997624,117.3333333,118.1461509,118.5640425,119.1341991,119.9193197,120.3425532,120.5399176,120.3809377,120.0830105,120,120.0993926,119.9540629
"Washington, DC",7,182.3979592,182.4817518,186.449718,192.3095521,192.0174101,188.8833964,187.4807454,182.8578303,178.8186433,178.5714286,177.2091275,172.4137931,168.4294333,167.5084175,171.1340206,173.7711536,177.7777778,178.2868526,177.5774268,175.7325771,176.0269953,174.6733781,171.1934216,168.0609851,166.6111111,168.9192194,174.829932,179.007908,182.5456389,183.3305556,180.9991312,178.1313131,179.5623438,179.2572166,178.4298176,173.997171,174.0634519,177.6742581,184.6022727,192.2426051,195.9459459,197.172,194.8423853,193.9616943,198.0155306,196.875,194.9297972,189.5238095,187.1722846,191.0529436,195.4022989,199.1491148,204.0828402,204.1666667,202.4145515,199.7288238,200.4523094,200.2403846,197.9244088,192.9824561,190,191.9098011,196.585556,201.1648746,204.5417349,204.0816327,197.0911126,200.5663932,201.7017045,201.6129032,199.1992809,197.2087379,196.170066,200.3935727,205.5916941,212.2823985,213.5798534,214.285,213.018109,209.9724897,211.965812,213.3661704,212.0535714,208.7530072,207.5850009,211.5687148,215.1234176,219.5087108,221.331079,222.1424145,220.2609842,217.7495463,221.1521443,221.021611,218.7665782,214.9449397,213.5897436,217.556316,222.3712446,227.2727273,227.7465091,227.9757305,228.6392405,225.9475219,228.4277879,229.4695259
"Miami-Fort Lauderdale, FL",8,151.6002354,150.6405426,147.1479117,144.4254703,144.3123939,140.7185629,137.6146789,135.8594179,133.0175116,131.1388686,133.25,130.2892661,128.970677,131.6225166,128.800643,124.6468726,126.6666667,126.5490563,127.0935961,128.2079671,130.1183432,130.8449549,132.1634615,134.1085271,133.3327273,132.3987539,134.4402747,133.2984841,132.4030274,132.315849,136.7025684,136.7455508,138.7337058,127.0575477,129.07997,131.1336717,134.9527665,137.6440461,139.7058824,142.1563725,143.2216906,144.1961067,144.6930019,144.1967213,145.9580838,148.4848485,152.8842342,153.7037037,155.9865093,157.4415744,157.3849879,158.7743733,158.275463,160.15625,159.2193118,159.3292721,160.5198065,161.3586928,166.6666667,168.2868276,168.40417,168.9759281,169.1134952,169.2924528,167.8535097,168.5029164,172.3719008,173.6672052,174.4643638,176.0496183,181.853996,183.219865,186.4550675,188.7686062,188.6792453,191.6735367,192.772925,194.6764092,196.0130719,196.8181818,199.5148575,201.6748285,203.2085561,204.4444444,204.303932,205.4361568,205.8419244,206.5696846,208.0306636,208.9496176,209.1008442,208.8469622,211.3304923,210.5275472,213.5833562,215.6545209,215.8581952,215.9567102,216.5250757,217.1028382,217.0467735,216.9565217,216.9940612,217.0113136,218.6825211,219.6712304
"Atlanta, GA",9,92.85714286,92.71309771,93.40125069,93.90977444,92.55813953,90.90909091,89.82683983,87.76337115,87.33347832,86.7456012,85.22881252,82.31102895,80.08600227,79.54364678,78.54492114,76.99771689,77.51090212,77.27543129,76.50818169,75.79470536,75.4005655,74.69742814,73.33333333,72.05477054,71.02631579,71.61458333,72.24899211,72.13114754,73.56288013,74.75896014,76.01385615,75.51843593,77.05479452,78.63247863,78.88375526,79.50643806,80.1369863,82.38611714,84.2875128,86.73540249,88.70967742,90.09009009,90.59171598,90.45093334,90.90557276,90.70979024,90.37800687,89.21818191,89.2219843,90.90909091,92.53472222,95.39497225,96.66845782,97.04391892,96.64391354,96.43478261,96.25560765,95.4436503,94.33962264,94.03500066,93.724234,95.054,95.42542471,96.08389296,97.9020979,98.74631268,97.14176829,97.30279636,97.00889248,97.31578947,96.70834397,96.18582588,96.40696409,98.68421053,100.9547728,103.2073674,104.8765432,105.1346801,105.4450433,105.7522124,105.5291242,106.3839776,106.029435,105.1524711,104.9981897,107.1428571,110.2939338,112.4220373,113.610084,114.5733461,114.8545176,114.6966203,114.9134943,115.6058105,114.9502781,115.3262519,116.1675941,117.4785086,120.5129573,123.1615522,124.361874,124.7649116,125.0845166,124.4888583,124.750499,124.5487365
"Boston, MA",10,208.3333333,210.9776563,214.2225275,215.9050761,215.5096244,214.5450272,210.9623342,206.5526316,206.8275862,206.2698413,205.7285873,202.7687296,200.273224,199.0647963,203.0625,205.63782,208.4745763,207.0491799,203.4730539,200.7959859,199.7729337,198.0938138,192.5078044,189.3398268,191.8890075,194.4444444,199.5476606,203.5149385,204.3919158,202.6134958,199.9259259,197.2861842,198.4433158,198.9218329,197.740113,195.2104499,194.7800433,199.583478,206.3243243,210.9181141,213.5327635,215.1889284,213.0681818,209.5112579,211.9699042,212.1840484,211.1757066,207.2558647,207.8528552,216.2567308,220.8613592,224.3829469,225.3937008,224.8650331,222.4303261,219.3767264,218.7060378,219.5827233,218.9416058,215.5089595,215.6925375,216.3360981,221.9796215,227.9579717,231.4814815,231.7224398,228.010989,224.5658387,227.7434365,228.8461538,227.5716695,225.0683351,224.4271202,229.6049256,237.6738973,242.2831633,243.9087396,245.0367647,242.9861111,240.3634125,245.3102453,246.7381865,246.8164794,246.5608466,246.4722476,251.1098131,258.9692564,264.2701371,267.0955882,268.8172043,264.4009217,261.4889706,265.8500443,267.3630252,266.5048544,262.040619,262.7737226,268.3840713,276.7980023,281.8840433,284.8184324,284.0236686,279.5762712,275.511811,279.8036466,281.9738167
"San Francisco, CA",11,305.4662379,310.0049285,314.1194725,319.1055715,321.0616438,320.3607024,317.1245532,311.9266055,302.9228489,298.9010989,291.2463391,277.896521,269.7470315,266.6238355,269.8697556,267.5875051,272.0515362,272.8174603,270.4498978,270.0844014,273.2388804,271.372411,261.9515032,251.9379845,256.5714286,260.4184458,261.0665737,265.0031928,280.0415261,289.8678414,299.859809,299.9615385,301.3595166,307.3198503,312.0192308,304.3478261,302.8100775,322.0430108,342.9487179,360.3126945,375.5818117,369.5372751,368.6668659,358.3003241,361.9915865,363.0136986,352.6828694,346.415182,351.4950166,362.6464189,369.2713925,378.245457,384.07281,385.5349671,382.6736672,376.9710304,378.2142857,378.5578748,375,357.8491965,356.6328448,377.7417027,393.1127013,402.4294017,411.9565217,410.6104651,406.8154403,404.8964218,407.5799659,416.3701068,416.5998396,412.3966942,404.8124558,423.952207,436.0337729,443.3713784,442.9001699,441.5134476,438.1994012,434.2710997,441.1764706,443.7229437,438.3206303,428.111588,433.6416623,442.2869471,451.9595449,459.0106007,461.2341772,456.9076743,452.3809524,447.8670125,455.3398058,462.0739267,460.3321033,444.8971844,440.821256,465.1237625,479.056425,490.5787349,497.0588235,493.5361217,486.5853659,482.1693908,498.7288769,499.4318182
"Detroit, MI",12,81.52382542,82.02285591,82.04066265,82.14018791,80.70479492,78.57794818,76.66139241,75.41191381,73.95881514,73.6196319,72.04718697,67.75700935,65.21291209,64.80558325,63.66120219,63.57552581,66.05371664,67.40561587,67.45362563,67.84968685,66.02238047,64.71389646,63.87327542,61.79241253,61.49155786,60.59957173,62.88888889,64.19939577,65.969163,68.3575419,68.90938687,68.69599372,68.14449918,67.54772394,67.04051876,65.27180626,65.86585864,69.39997021,73.67894737,79.78619515,86.37951456,91.92717545,93.22710465,92.73979862,92.19184866,90.9451946,90.42348412,89.69310944,89.45952167,90.1814301,93.44827586,98.75192179,104.1087963,106.2853961,106.7663818,105.9187279,105.6789069,104.6481278,101.9274376,100.2407705,100.6269654,102.6753597,105.7051282,108.5196198,110.1549053,111.8099191,111.4808652,110.5704698,109.8765432,108.6457074,108.2716399,106.1922366,105.7822758,106.3829787,109.6282173,113.401547,117.2694689,118.6470255,119.278607,119.2269384,117.9481027,117.8894442,117.002924,115.9821429,114.6310963,117.1462126,120.9876765,124.5088672,127.7985075,128.7948418,128.8056206,128.3095414,127.8318138,126.3005659,124.1887226,122.9185647,123.0521722,125.0758956,127.9268321,131.6996103,133.4779706,135.6428571,135.6737544,134.7263806,133.7869901,132.2815534
"Riverside, CA",13,117.5797479,117.4368633,118.8734929,119.9770379,119.8725377,117.9245283,116.2790698,115.8392435,115.4132539,114.4029203,114.5530816,112.5,111.9448496,110.8705997,111.5850171,111.6379598,111.7522264,111.3670695,110.7899807,110.441878,110.1718744,110.1674373,109.7071642,109.186862,108.5347805,108.9967285,109.8418278,111.0376707,112.1721468,112.8852364,114.0340928,116.5848153,118.4798625,120.6896552,123.1388547,125.6140351,127.8441448,131.6076294,135.8167432,138.7457588,142.8571429,145.3068187,148.4751204,149.9454744,151.8026565,154.4135142,156.0524035,157.4629009,159.0538336,161.0752688,162.406015,163.9969489,166.2971175,166.6666667,165.9982517,165.702262,165.5506944,165.8222606,167.0187602,167.4395636,167.96875,169.4444444,170.825274,172.1502633,173.4694326,173.7873888,174.1502308,173.7920901,174.0877547,175.448126,177.7552057,178.59728,180.0120229,180.8722374,181.5732759,182.9589733,183.7261272,184.4476055,185.0570737,184.0781827,184.1517857,184.6670397,185.8285084,186.4504284,187.5,188.7888729,189.7264997,190.9039865,192.5522252,193.373494,193.8561087,194.0104167,195.7295374,196.6787753,197.6495726,198.5528942,200.1013171,201.6142604,202.7027027,203.8834951,205.2718945,206.6308816,206.6225166,206.4758329,206.9411766,207.3600809
"Phoenix, AZ",14,94.89064528,92.82872785,91.67492567,90.85858586,88.98836113,87.99412611,85.65989848,83.99375561,82.72530811,81.17083534,79.83193277,78.02400739,76.74589045,76.12481858,76.12179487,75.12886598,75.48401391,75.49042104,75.36259542,76.41921397,76.83372079,78.125,79.34626437,79.5555639,81.74952801,83.44950084,86.36363636,91.10169492,92.93991452,94.14559779,94.89633174,96,97.58364312,99.5893886,101.7365269,102.8719943,105.361596,107.6779026,109.8559515,112.4166667,114.9089849,115.902328,116.3420428,116.120751,116.9895077,118.6356892,118.7999585,119.0018315,120.8257981,121.8836565,122.8369505,123.3779972,123.063393,123.102607,122.3193473,122.3607958,122.5662623,124.1620425,124.8466258,125.3291371,126.5229616,127.4445844,129.1118421,130.8215594,131.3249572,131.1573729,129.1291291,130.702204,131.5789474,133.4706501,134.7305389,135.2813853,136.4064278,139.0449438,139.7073808,140.2356902,141.2671233,140.8067925,140.0657631,139.8903338,140.7570423,141.8730828,142.4890351,142.9902419,144.6917808,145.8038605,146.2461317,147.4554154,147.513142,147.0844687,146.4101091,146.8897821,148.3050847,150.1639344,150.8959376,152.0537125,153.4235411,154.5551786,155.5252387,156.7194957,157.6377449,157.4772611,157.3226545,157.1701055,157.8947368,158.9168908
"Seattle, WA",15,188.6326194,188.7299676,187.9541505,188.4390542,189.2638037,187.3997319,186.0675808,184.7389558,182.2482639,180.1523316,176.5416666,173.2394366,166.8810289,164.1542289,163.0038496,158,157.3686879,157.6923077,156.5217391,155.1724138,154.206072,150.3006149,146.5547703,142.8777671,142.0086972,143.5770235,147.453944,151.3761468,155.0148365,157.9822184,159.5417693,158.6777318,158.7427618,157.3606557,156.5762004,153.187275,152.639087,155.6031128,160.4554865,166.2895928,172.9986431,178.5357143,181.1202913,181.6970235,184.0336134,183.1395349,176.9391455,174.5767196,173.587963,174.4186047,178.5714286,182.6205065,181.7897727,191.2044317,191.0555541,190.9375,190.5446578,189.255791,186.7050528,182.3362027,181.0901191,183.8235294,189.1188251,194.4490434,200.168563,202.9411765,202.259887,202.7027027,203.226626,203.1862745,199.8546512,197.3008191,197.7048023,204.0487163,210.5907294,217.2172211,220.3883147,223.5513988,223.9232576,222.9391892,224.8394004,225.6363973,221.8375837,217.3913043,218.5840708,224.6649409,233.0979471,238.5788382,243.7662926,247.0591376,248.5954149,248.1803343,249.9874566,251.7857143,251.2602786,247.7924945,244.9754902,252.2539289,264.3417072,271.1694915,277.2801972,280.9940695,281.3479624,277.981123,280.6652047,279.925727
"Minneapolis-St Paul, MN",16,148.7716275,148.5143443,146.2339744,146.2785193,146.6972477,145.7291667,146.3076884,144.7527885,142.041399,139.4883721,136.6305151,131.5404852,127.7601116,127.3033708,127.9980835,128.1135531,129.5458465,130.5616021,130.1812005,129.9496644,129.6625698,128.1016442,125.2984601,122.8965778,121.875,124.2897727,126.9791667,128.1055901,130.1041667,132.4810606,132.209233,132.5385694,132.6480795,133.3614865,133.1961219,132.9113924,132.4738625,134.8780488,139.6089385,143.165501,147.6675366,151.2805588,151.7655367,151.108871,152.3127068,151.2028542,148.7488829,148.2130343,147.1159731,150.2004008,152.6104418,155.4084041,159.6418441,162.1271077,162.8891893,162.2111761,161.7661972,161.4658108,160.0880705,159.0181449,158.8560219,161.3342898,164.2601231,166.2049861,168.7956204,169.7169811,169.3900602,169.3801653,168.7612208,167.6101718,166.8028601,165.2984743,165.5737705,168.1862147,171.6603053,173.5980832,176.0436329,177.2158094,177.5310835,177.1612516,177.2088841,176.4885275,175.304878,174.2639715,174.9218662,177.7947154,181.4402776,184.3161406,186.3563579,187.8191101,187.8471309,186.9041084,187.3688156,186.2938596,184.9770362,184.1820007,183.9607653,186.2327398,191.1473088,194.6079838,197.2711896,198.9409985,200.0528057,198.9206276,199.5737173,199.7539072
"San Diego, CA",17,246.723734,249.5339969,250.9625126,251.2799018,250.8361204,247.7304904,246.5309628,246.0984394,240.890543,236.5014209,234.5770225,230.5159166,227.8415016,226.2105263,224.0624142,224.9885216,226.3643351,225.3039514,223.8353227,217.8386042,213.6510501,211.4213198,210.2825746,209.182867,208.115942,207.5707155,208.8235294,209.9637562,214.2998078,216.6592822,219.5121951,220.8666386,218.7788556,221.2389381,221.7745586,224.3799229,228.9218656,237.2774618,245.6046117,253.968254,262.465374,272.7796171,277.2200772,278.3093327,280.0963082,277.5037654,274.1617357,274.5901639,278.0504489,282.6003108,287.1633752,290.7531693,295.2261307,296.7166266,296.5806001,296.8671046,295.3720179,293.1034483,293.0775019,290.4761905,290.9783115,294.8289466,300,303.0641115,308.9451913,303.565916,315.5555556,316.4963113,317.8548491,316.1959156,316.5117309,318.3732538,319.5926039,322.3873442,325.4211332,326.7008986,328.545781,329.8171589,332.1299639,331.378965,331.8529484,332.2105263,330.1601359,331.1596796,334.1473865,335.0939814,339.1858522,342.5839552,346.3375796,346.5845465,347.5815523,347.863993,348.3264464,348.7439379,348.7778773,349.5400788,353.3427578,356.9604087,360.3158934,362.4260355,375,376.892796,375.8052971,377.4681823,377.4569313,372.8853038
"St. Louis, MO",18,112.3958333,113.1818182,114.0540541,114.3469971,113.7931034,112.8807107,111.8824388,111.3360324,110.1398601,109.2592593,108.4201389,106.0509554,104.0625,104.0629646,105.245573,106.2753036,107.3782235,107.1428571,106.0113154,105.2026618,104.1087963,103.4677188,102.4675007,100.4884677,101.3745704,100.9124599,101.9740489,103.3230769,103.6311953,103.5746202,103.624031,102.8054863,102.3638513,101.5625,101.4982295,99.66777409,99.44751381,101.3290043,103.6293309,104.8765432,106.3099541,106.4675246,106.1688312,105.7907846,105.8673469,105.1893408,103.6126382,102.5735294,102.6203966,103.9895924,106.0885523,108.25,109.5971564,109.6129032,109.3163992,108.4192531,108,107.6022096,106.6222222,105.7142857,105.5633803,107.007007,109.4488189,110.8903021,112.6960784,112.9032258,112.3897707,111.4907028,110.6267755,110.2941176,109.80836,108.6847278,109.3120491,110.3963613,113.5204082,118.1773399,119.3609023,118.3291771,117.9202494,117.248567,117.2030195,116.7320614,116.2790698,114.0944882,113.3787115,115.3846154,118.9484127,122.1058755,124.1718427,124.9203531,124.7195207,123.5586358,123.043338,122.7678571,121.421457,120.5390297,121.3201821,122.9750779,124.9166667,127.5873447,128.6810417,129.5779329,129.641837,129.3727382,129.3103448,128.7704194
"Tampa, FL",19,107.6307609,105.0597337,103.8793458,103.4229425,101.9945603,99.89572288,98.11046512,96.54822441,95.41984733,93.59578237,92.8248871,90.49036082,89.01275221,88.36152487,88.59348199,87.04061896,87.52102885,87.128459,86.40822046,86.25688301,85.97048084,85.59643606,84.80325645,83.91608392,83.61486486,84.06304729,84.90967056,84.23369565,84.97417198,85.96014493,86.19198616,86.02150538,86.17989056,87.11562906,88.39433702,89.10861865,90.30418251,91.81532004,93.20448878,94.21023348,95.64620258,96.49446494,97.6793716,98.14326832,98.41995254,98.33988839,98.4217746,98.29968119,99.26672777,100.7113939,101.665978,103.0350933,102.1226415,100.3887795,104.1761739,104.4338164,104.4433987,104.2797096,105.1929825,105.0275482,106.6158467,107.539072,107.4973653,107.5982428,108.5526316,109.1940416,109.8207724,112.2079646,112.6824841,113.7242192,115.1373239,115.4916986,116.0339453,117.7953067,119.5348837,121.3592233,121.0953272,121.6589716,122.3450454,122.6319282,123.7505927,124.4855967,125.5608974,125.1428571,127.9,129.5774648,130.790053,131.9772267,133.6326531,133.286013,133.5997666,133.4685598,134.9740251,135.4713702,136.5264367,136.6120219,137.106947,137.9521229,138.7559809,140.4131965,141.7121047,142.2595947,142.11719,141.3877464,141.7284807,141.4623676
"Baltimore, MD",20,175.9220008,176.0123239,176.7864006,177.2003745,176.050282,175,173.5164835,171.6453674,169.7774909,167.96875,166.6303638,163.6395744,161.4583333,160.9006711,162.4335499,163.6309524,165.1976669,164.667129,163.9453477,162.9528986,161.3782525,159.9666667,157.3741007,155.4706934,154.3478261,155.4770318,157.7609223,158.6805556,159.818817,160.3917417,160.2518315,159.7021305,159.057971,158.7296296,157.1238349,155.2758436,153.6618445,154.7559524,158.7043129,162.6284247,166.0241299,167.1185569,166.5957126,165.8858603,167.8200692,166.25,164.3318966,163.2174942,161.6494361,163.7035957,166.8695652,169.5470275,171.5568321,171.875,170.4545455,169.0686275,168.2659933,166.6666667,164.8941046,162.8446115,161.6985294,162.9115865,165.1207116,167.7927928,169.4680031,169.4805195,167.3387097,167.8240741,168.212473,166.091954,165.0584053,163.3981051,164.1525012,164.4078947,168.2308141,173.2209738,174.5633188,174.2571429,173.7769931,172.4640094,172.5621225,171.6736867,171.3280294,169.1676844,168.5066822,170.1359293,174.3943777,177.9387417,180,180.5937766,179.8687013,179.4395466,179.3469593,178.4985423,177.6828435,175.5387931,174.7406559,177.0138889,180.4241071,184.7286625,186.0391867,186.8004269,186.5123448,185.1848765,184.9488841,184.3927355
"Denver, CO",21,161.5087041,161.5184855,161.7475728,161.8174214,161.9360324,161.588181,160.8291858,160.7170203,157.6576577,156.25,154.7277937,150.2484032,148.332537,148.5131035,149.4790284,150.0355535,152.3264014,151.7027814,151.6973541,151.583508,151.5301661,150.1449275,147.9869745,146.4215113,146.5942029,147.3465062,150.4688832,151.7539634,154.4642857,156.6497837,157.016683,158.2454192,158.6759627,158.25,157.114927,157.1420627,156.7754078,159.3530239,162.6293379,164.4230769,168.4113253,170.8581799,174.1278026,173.983215,175.1681614,173.6111111,172.2244017,173.3031694,173.3899505,176.6866563,179.090029,182.5065274,184.7950269,187.8514233,188.7369792,189.505273,188.6660576,190.8375635,189.9018677,191.2901913,195.487042,197.5452095,201.5395894,203.3730159,204.8167346,207.9080198,209.9815274,211.7151212,212.9257072,213.2613467,213.2786458,213.5796668,213.2154882,220.8546148,223.0512034,225.5277862,231.0997692,232.5158114,231.6661553,231.6661553,232.2171919,234.4877345,233.7971426,231.9521358,233.8709677,239.2950392,244.5632445,245.2220626,246.3040504,247.4347435,246.9963422,248.2018742,249.5462795,250.5827506,250.5141477,249.1993179,248.9033788,250.9098826,256.9494141,260.8542809,263.917889,264.3335815,264.5502646,264.6239554,265.8831623,266.380789
"Pittsburgh, PA",22,85.96123831,88.45089903,91.43222506,94.91180461,97.13208996,98.18523154,97.27272727,96.353049,95.8994709,96.15384615,96.02884615,94.73731072,94.33566434,95.88244417,96.04700855,97.02941992,97.59392064,98.15479,97.185261,95.92326139,96.66666667,95.33715925,95.15873016,94.62639553,93.80475594,94.78145425,96.15288462,97.7173913,98.83099781,99.5923913,97.36394558,97.14574131,96.1288367,95.09533143,95.57936675,95.20362895,95.55338437,99.03011741,99.60253417,101.4018768,102.6536313,102.781069,101.7338862,100.7377049,101.3250195,98.62522415,97.47374743,97.81931464,98.47328244,98.25872323,100.3233359,103.1270806,104.6473957,105.4444444,104.6144482,103.5606061,102.9135338,104.5558765,103.1091371,102.4076577,103.0092593,103.5227078,104.7230114,107.0899883,109.1763168,110.2729847,109.8135427,108.1108504,106.9750299,105.8591827,105.6730769,104.4237918,104.3611794,103.4116331,107.1659264,110.483871,111.8500605,112.7141569,111.8248642,111,111.4137231,110.3327496,109.1776532,107.4194502,106.8910359,109.1783217,111.2943116,113.6038961,116.0593374,116.8070175,116.390506,116.2551716,115.7407407,115.6481481,114.1305175,112.0579195,113.310962,114.7808973,117.0374707,120.128979,122.3469388,123.7516766,121.7955715,121.0873229,119.6428571,118.7141687
"Portland, OR",23,155.8479532,155.5107956,154.8856549,154.494382,153.7162162,152.3702168,151.2100259,149.5873453,147.8566148,145.6552707,144.0510489,141.3390011,138.9889415,137.0438213,136.346115,133.6480107,134.375,134.2408467,134.5683328,134.4650865,134.3109074,133.3131589,130.8497785,127.9669763,128.3967391,127.4025205,128.5500747,130.3866667,131.4296191,132.9055606,134.0652076,136.0310047,135.4648055,135.8695652,135.7431193,135.4142814,135.6321839,137.9987163,141.3305613,144.9943603,147.6411413,150.7919403,152.2848439,152.7527888,152.9699511,152.7074156,151.4232385,151.0168758,151.9047619,153.6860497,156.1983153,158.7465753,157.7268534,161.525247,163.1315032,163.7931034,164.4423154,163.2869839,162.3309769,161.671159,162.8338762,164.9298109,167.4994504,170.0487013,171.7676231,173.9010989,174.7829505,175.940027,177.3472429,178.0248528,179.0123457,179.1115312,178.8801794,181.7424242,185.4389481,189.3726325,192.1695912,194.7463768,196.3721172,196.7068504,198.3532934,198.7673344,199.4362533,200.2762431,200.8022088,202.9775672,205.9260428,209.1397849,212.5167336,215.0872818,216.3874346,216.3181288,216.6246851,216.989843,216.1830599,216.4672365,217.3291925,219.4420242,222.9109541,227.815231,231.1433986,232.6815642,231.4262648,229.0710828,229.3709583,229.1103016
"Charlotte, NC",24,100.3479621,100.5989192,100.2476225,100.1006036,99.1589059,98.72408887,98.03839733,96.91106719,96.48688047,95.1765873,94.59459459,93.1122449,92.24021084,91.88811075,92.01388889,91.91115196,92.12765957,91.88010137,91.65080892,91.45425373,90.65626121,90.15401953,89.4579811,88.98416887,88.7558146,89.19642857,90.27777778,90.55926119,90.47884265,90.57971014,89.67611336,90.18402864,89.58333333,89.64379947,89.36961881,89.66709901,89.88836086,92.24936816,93.6875,95.5994898,96.26823137,96.36443276,95.95505618,95.78408766,95.72250246,95.93679458,95.40572792,94.86780715,93.29823773,93.12169312,95.0691878,97.0636701,97.93101307,97.90299169,97.42268041,98.1183535,98.54399453,98.46266471,98.05681756,97.32207463,97.93574409,99.87503904,101.0752688,102.7674282,104.2092358,104.3240557,104.0900529,104.0396447,102.3719677,104.2260209,104.5154744,103.1272226,106.039959,108.8442211,110.7282119,112.2334456,114.1644909,115.4945197,115.3366916,115.220915,115.032933,115.7120743,114.2259414,115.3084455,114.2857143,115.6739025,116.6310368,120.2874332,121.3821138,121.450508,121.392261,120.8955224,122.0304887,123.2436472,123.0066405,123.2439836,123.8680332,125.9446131,127.7955272,128.8213415,129.3240922,129.3166659,128.9935174,128.7551632,129.2288296,129.2743609
"Sacramento, CA",25,142.1428571,142.3340961,140.2946593,139.828776,142.1598639,143.3801098,141.6666667,139.7304044,138.5064291,135.4819277,132.0996979,127.8133209,125.0178699,117.9131779,118.3419524,117.1024497,119.0010578,117.9430098,118.7782805,119.6213725,119.7085357,118.510158,117.5163399,116.2871433,113.6363636,113.524438,116.2922207,117.3803427,118.7651269,121.3768116,126.3362072,130.5699482,133.0129927,136.6222824,138.150289,136.3636364,146.0084034,151.8585675,157.7761082,164.0838651,172.1736086,174.4829595,176.1736497,176.0254122,177.3948302,176.9436997,173.2706984,174.1120219,176.0169421,178.4646062,182.2323462,184.0795885,187.8205465,188.2289126,188.3333333,187.5571821,185.9457212,185.1585014,183.4288991,165.6126423,183.6070413,186.1821445,188.6009251,190.9259194,192.9975875,194.5086668,195.4627423,196.8011811,197.1892841,197.199011,197.3638154,196.7948718,199.5953795,201.9762376,206.7073171,209.1351796,211.3739305,212.9143387,212.5279642,212.2449603,212.4000215,212.4341744,212.9264214,212.8131772,214.4209853,216.4093244,219.9253333,224.2718186,225.700522,227.2272727,228.8135593,229.8982612,230.6122449,229.1956119,228.0565196,228.2051282,229.2035398,231.3372262,234.645625,238.0952381,240.0761852,241.0941476,241.2061897,240.7008086,240.902965,240.1801802
"San Antonio, TX",26,85.83070502,86.84773321,86.97785268,87.16150744,87.55780347,87.45025838,87.08776281,86.84445539,86.37400228,86.39511873,85.94153052,85.26570048,85.06981367,85.10638298,85.1015876,85.28793611,85.71428571,85.5540004,85.22083323,84.67329927,83.90092879,84.16619876,84.03389886,84.5998573,84.77499725,84.95821727,85.10638298,86.19896492,86.84515233,87.39294526,86.42423951,86.57385892,86.97173254,87.27324263,87.35147059,87.75510204,88.35884128,90.06036725,91.49417613,92.16261526,92.9672447,94.45100354,94.79077711,94.67728416,95.49860724,96.78974055,96.57320247,97.72178638,98.45047496,99.80033278,100.5226481,101.5151515,102.6401389,101.9644881,102.0424837,104.0328465,103.5587071,103.5427807,104.1666667,105.4560386,106.345689,106.7,105.1366373,106.7136291,106.8053387,107.8921043,108.8169827,108.321411,109.6762471,108.8704464,109.456655,110.370784,111.7694464,112.7698343,113.0982368,113.3639309,113.7508037,113.9775523,114.5107794,115.2073733,114.7838514,116.0444297,115.9614218,115.3639718,115.9751115,116.9296987,117.7868852,119.2077728,119.7801578,120.8837031,121.6207495,121.1151499,121.4741163,120.4564666,120.3635015,120.9889532,120.9529135,120.9415584,121.0001704,122.0018916,123.0357143,123.6972413,124.1474883,124.0055581,125,125
"Orlando, FL",27,98.28009828,97.31543624,95.57014163,94.19689007,92.94117647,90.2627574,88.99453728,88.42357569,87.18647764,85.6836691,85.45603944,82.76492083,81.58119658,80.48926768,81.58733209,80.85109292,81.89783076,82.57717021,82.12959142,81.72458172,82.08709942,81.65375128,80.5890422,79.61001683,79.16666667,78.55345912,79.62514997,80.75202183,82.46014294,84.03361345,84.85362749,84.96310515,86.4175485,86.56394275,87.34265734,88.70738636,90.17318423,91.20171674,93.56873571,95.64643799,98.50275808,100.5234887,101.1015061,101.2321665,102.484472,103.2082308,102.5871686,102.4590164,102.5068368,103.3764642,104.1382447,104.4278607,103.7735849,102.9527898,107.2036302,107.4207385,107.5333333,107.646515,108.2736705,107.9280105,108.5430357,108.9855072,108.8861076,109.586661,110.5917181,112.1183206,113.0382023,116.075386,116.0135148,116.6958552,117.1822461,117.3834289,118.6874136,119.8745384,121.8852999,123.0070636,122.46879,123.2961091,124.2379728,123.7741226,124.8711744,124.884395,125.0263009,125.2178649,128.0350559,129.0779034,130.6198656,132.1752266,133.7262013,134.3042071,135.371179,135.5019937,135.9197139,135.898672,136.0964027,136.3705318,137.1981098,138.4615385,140.2061856,141.5926327,142.797619,143.7530803,144.3136661,144.1327751,144.6614955,144.6700508
"Cincinnati, OH",28,98.7020316,98.80073801,97.50361272,96.50313152,95.82588801,95.5994898,94.60882867,94.18032787,94.04502542,93.05857282,92.90561472,90.83333333,89.87209166,88.75348189,89.35219657,89.38023907,91.58683882,91.81358014,91.33246301,90.625,90.625,89.90561026,89.30161511,87.6705653,86.72114402,87.08888641,88.50459577,89.16788626,89.87490227,90.90429638,90.20631068,89.57165833,88.47091111,87.94002608,88.34405145,87.74576351,87.73324258,88.38383838,90.01636661,90.27102154,91.99782254,91.90031153,92.30182213,91.07142857,90.90909091,90.93519786,90.90264161,90.09009009,90.36191555,91.01764764,93.1465292,95.1841296,96.50294121,98.37421563,97.95228591,97.30709477,97.45347698,96.51188948,96.03658537,95.41875421,96.09939624,96.58344284,97.64474975,98.40525328,100,100.2808989,100.2879835,99.96492459,100.5116959,99.45353356,98.92337178,98.98404089,99.750499,100.1602564,101.2257515,104.0053929,105.680317,105.9627316,106.1290323,105.0094462,104.6650718,104.6171171,104.0986406,103.1024531,103,104.331845,107.2651981,109.2760181,110.8258451,111.4149009,112.0293735,111.8610692,111.701622,111.4571319,111.3419223,110.7082125,111.4676531,112.861369,114.6397885,116.8333333,118.2655045,119.2405049,119.4116939,119.2426244,119.5595052,119.4927536
"Cleveland, OH",29,90.04237288,91.40625,91.95015157,93.08758425,92.84134668,92.06936813,91.05922551,90.23702032,89.27836111,88.27683616,87.99295775,86.11005972,84.9354832,85.44087491,84.97732426,84.77011494,86.02830967,86.19808307,85.97246127,85.61124115,84.94308605,83.92857143,83.62676056,82.14555868,81.71728972,82.33249065,82.59871442,83.17895683,83.71351504,83.39952343,83.26212121,83.33333333,82.23920863,81.62327718,81.12244898,79.70652174,79.26587302,80.2377892,81.57555616,83.05647841,84.62199313,85.37106247,85.14386377,84.56791817,84.07451923,83.22281167,82.93568465,81.65983116,82.10075601,83.7520938,85.09406342,87.02833434,88.36628958,89.17197452,88.77404729,88.38461538,87.46217481,86.35429903,85.672992,84.4017094,84.75719424,86.20689655,87.71069871,88.72651357,89.59103858,89.37691522,89.12154634,88.4375,87.64119601,87.14804863,86.95471014,85.58091286,85.89965743,87.61830563,90.00819001,92.50841751,93.61055077,94.37599465,94.33718299,93.64583333,93.39345053,92.91666667,91.92229039,91.15199154,91.26984127,92.93286195,95.31727088,97.09165916,99.24781472,100.3699789,100.4250386,100.1974767,100.1879699,99.65986395,98.86091127,97.62966901,98.46431798,100.1790627,102.2430522,104.368932,105.3527981,106.127451,106.25966,105.7719796,105.0623053,103.7357316
"Kansas City, MO",30,103.7144931,104.3609717,105.0881074,105.7210031,105.0318005,104.7058824,104.0509259,103.3681765,102.6998103,101.7736735,101.2846571,99.93279133,99.09090909,99.23664122,100.3612717,100.6539237,101.3902533,101.3519603,100.8073569,100.0608273,99.28514694,98.45988539,97.21185141,95.92271812,95.64061669,96.02330908,97.65625,98.84041966,98.45962911,96.67884257,95,94.15178571,93.10344828,92.92643492,92.6888478,91.35426421,91.25766871,93.1002316,96.12956272,98.8700565,100,100.6148686,99.9672619,99.15756387,98.8008342,97.24598148,96.54471545,95.23809524,94.45843829,96.49122807,99.48423895,102.0833333,103.8237739,104.3520309,104.7778709,104.1666667,103.2179721,103.0522088,102.2727273,100.8211763,100.5674,102.3706897,109.3277324,111.4353907,112.0764339,112.467306,111.3856398,110.6304079,110.8302435,110.0330623,109.9154334,108.3333333,109.7718176,112.7819549,116.0926533,119.047619,119.8277354,120.8897485,120.8639706,119.8963059,120,119.92,119.7916667,118.8043478,119.0758294,121.7906517,125.8667579,127.8011204,129.4713949,130.2916909,129.78358,128.9923571,129.3176086,129.8452221,129.9837486,129.2298086,129.3981481,131.714876,134.2882722,136.9047619,138.3130564,137.2430472,138.1597273,137.8254211,138.4693532,138.5390428
"Las Vegas, NV",31,87.62654533,87.94164424,87.15207879,86.09640568,85.37048618,84.18802774,82.53588517,80.82524272,80.54809242,79.10890493,78.183172,75.78722248,74.82127952,74.4469526,73.48443822,72.18543046,71.55595309,70.92937408,70.66292644,70.76625885,70.30852025,70.08042926,69.67142414,69.27623538,69.11065007,69.26406926,70.01166861,71.01086048,73.76033058,75.23862998,74.32252444,74.28571429,75.12784391,76.3227279,76.8083976,79.12081863,81.30081301,82.6986755,85.03401361,87.6460717,90.16569413,93.45357381,95.02262443,99.40357853,101.0480888,102.3541453,103.4239765,103.1572556,102.9593095,104.0332413,105.8773851,107.2386059,108.2640813,108.7951706,109.2635213,110.9113886,111.4611701,111.6541602,111.765149,112.3319952,113.3209991,114.2105191,115.6655119,116.7028144,118.5441366,118.6546071,119.8257081,120.3367028,121.123305,121.4308342,121.7830882,121.7895204,122.3399558,121.9924019,124.2055049,126.6935769,127.8852152,128.3360568,128.7761268,129.6130167,130.2083333,130.8866706,131.302521,131.5789474,132.8174068,134.3627383,136.3338789,138.1978994,139.8399812,141.5785676,143.6089603,145.758133,147.7423239,148.5404641,149.850075,151.496492,153.1722134,155.3985302,156.8032165,159.1062916,160.9311741,163.0773414,164.5675211,166.8774069,167.3989455,167.8876679
"Columbus, OH",32,100.6095102,100.8368201,100.6956858,100.8308605,100.7397134,100.3301446,99.65490798,98.90859482,97.48700173,96.93022843,95.79646018,93.99759904,91.38141809,91.76779459,92.19317357,93.3,94.75446429,94.86626402,94.08033827,93.51620948,93.18371041,92.68828605,91.40243902,89.28482143,88.77777778,89.69322831,91.27435065,92.6221336,93.7150838,93.83802817,93.30357143,92.24137931,91.67766403,90.96067306,89.84664199,87.94755248,87.7988232,88.68343195,90.43106312,92.21213569,94.6969697,95.05988024,95.4994442,95.3641631,94.92728746,95.32894737,95.06044169,93.69396143,93.50877193,93.82339739,96.69354839,97.97385621,100.188814,101.8752664,102.1212121,101.5240999,100.4117109,99.66757161,99.71489665,98.88991579,99.24623116,100.4727341,102.3247745,104.1666667,107.1177553,108.160505,108.618783,108.0528846,107.5619296,107.1831516,107.0872274,106.4479975,106.5995488,108.5651937,110.1967435,113.4209469,114.8173173,115.5693254,115.9902597,115.1015746,115.0552486,114.2241379,113.7248218,112.5868229,113.0265211,115.4965753,118.2971014,120.4241071,122.2561908,123.5428325,124.6753247,124.1497308,123.2832618,122.9290834,123.0423077,123.0445416,123.5905045,124.9107143,126.1844637,129.2537313,131.76769,132.9958583,132.2118628,131.7870309,131.5283401,130.712717
"Indianapolis, IN",33,78.92666161,79.20634921,80.11410132,80.0128123,80.21390374,80.46218487,80.0126369,79.57508654,79.07218394,78.95943143,78.41349938,76.97269759,76.6995614,77.26115831,77.72304809,78.23022709,78.93234047,79.19217209,79.48268205,79.25598693,78.8485048,78.3576138,77.83882784,77.02846711,76.6025641,76.96556205,77.84033649,78.35516926,78.58391608,79.00708736,78.77792378,78.26735468,77.79754883,77.37539212,77.16049383,76.77033946,76.36887608,77.10280374,78.72930801,80.40458201,81.38056189,82.49348393,82.52412106,82.3919115,82.28840125,82.50415982,81.83147988,81.16883117,81.154085,81.99837294,83.68096234,85.06916508,86.31229236,87.16655598,86.92852543,86.41762811,86.01434426,85.93433704,85.33026114,84.375,84.5828295,85.46106755,86.35802469,87.76741635,89.22193878,89.46083847,89.16932059,88.38696538,88.35531627,87.75800712,87.71731005,86.81318681,87.32386984,86.80326406,88.06070496,89.66228863,90.98019705,91.58333333,91.80242061,91.37598174,91.60585065,91.74297846,91.35021097,91.07287449,91.54929577,91.98482061,93.69346061,96.45545797,98.50823045,99.26714674,99.78759558,99.54966391,100.4171633,100.7489878,100.7010845,101.2145749,101.7540341,103.4341787,105.0788091,106.2720916,108.4070327,109.3257803,109.340863,109.1887417,109.146624,109.0116279
"San Jose, CA",34,359.0320765,362.8571429,358.9820359,362.5473903,362.6779125,360,357.5335534,356.6382709,346.6332205,340.9539233,335.2606921,324.4614935,317.4338336,325.5002327,327.8070836,329.2951542,332.1299639,333.3333333,328.7398166,326.4939956,323.0918499,317.3257099,311.9040602,304.3200917,307.2979186,308.3551557,312.5,322.0198675,329.3874615,342.6457565,351.0140406,354.8685331,355.2983081,358.6797929,359.8413125,361.9186933,361.3765274,387.9892038,403.9980176,414.9182629,423.0008058,422.9971491,422.5418634,418.4901532,415.5050135,416.1121212,415.2819767,410.6876868,409.9835633,429.1007598,441.3977695,446.5248245,454.2781172,454.375435,447.5286683,443.4011036,443.2356536,444.5103858,437.1859296,431.5836313,440.6099518,457.1467972,473.6654671,489.8835071,499.5829858,502.5339059,509.4117647,508.9546045,507.8591294,506.4427524,505.7777778,498.8901221,504.8959608,527.8571429,552.6914329,558.7500994,555.4725926,549.957663,546.4763062,546.014268,549.385859,544.7435203,531.2841449,515.887118,515.7813703,541.7909775,565.6278939,569.5103956,576.4027698,575.0826891,570.6677664,579.7241322,582.4757282,596.9101124,590.2560899,586.2587333,603.1598513,631.7405005,656.8631371,679.5181469,694.1176471,695.0588235,695.6055734,689.4138233,685.0171938,686.5671642
"Austin, TX",35,107.8927493,107.6514421,108.1127242,108.9042904,108.9659918,108.7439982,107.6949749,106.5972615,105.4354006,104.8097826,105.0564008,103.3333333,103.0738462,102.8834356,104.6956796,105.7080691,106.2138728,104.9675229,104.9542272,104.2853268,104.1666667,104.0635021,103.4722838,103.4557281,103.6393677,104.6047783,106.3647545,108.0650253,108.0545319,108.3772701,108.0855856,108.8031479,108.1675393,109.1954023,109.3518927,110.1046256,110.0660429,112.1913562,113.8809334,115.4075449,116.6543449,118.0565494,118.191893,118.1972475,119.748724,121.4278571,122.2184971,123.6436008,123.1372549,124.9038462,126.3020833,128.2980548,129.6296296,129.4887793,129.4729993,130.9304703,130.7595573,130.8747856,131.5356256,131.9529652,133.6757879,135.6821528,135.9458367,137.4920886,138.1832179,138.7678712,138.849263,139.0699523,139.241453,140.271099,139.4810841,139.2126601,139.2695783,143.3939394,145.4664161,145.5631914,147.8960396,149.8239278,150.3006873,150.2669303,150.1300075,150.0350565,151.0665087,150.0916608,149.5606557,150.2666837,151.9025875,153.2846715,154.2103019,153.3080788,152.4390244,151.092233,151.7833871,151.2540401,150.21398,150.3203549,149.78602,151.0758197,153.1682753,154.3076923,155.9155518,156.3065782,156.0216594,155.3105415,154.7021678,154.203467